date,open,close,high,low,volume,uOpen,uClose,uHigh,uLow,uVolume,change,changePercent,label,changeOverTime
2018-11-23,1517.0,1502.06,1536.2,1501.81,2707642,1517.0,1502.06,1536.2,1501.81,2707642,0.0,0.0,"Nov 23, 18",0.0
2018-11-26,1539.0,1581.33,1584.81,1524.22,6257716,1539.0,1581.33,1584.81,1524.22,6257716,79.27,5.2774,"Nov 26, 18",0.052774
2018-11-27,1575.99,1581.42,1597.65,1558.01,5783227,1575.99,1581.42,1597.65,1558.01,5783227,0.09,0.0057,"Nov 27, 18",0.052834
2018-11-28,1613.92,1677.75,1681.45,1601.21,8458738,1613.92,1677.75,1681.45,1601.21,8458738,96.33,6.0914,"Nov 28, 18",0.116966
2018-11-29,1674.99,1673.57,1689.99,1652.33,6613243,1674.99,1673.57,1689.99,1652.33,6613243,-4.18,-0.2491,"Nov 29, 18",0.114183
2018-11-30,1679.5,1690.17,1696.0,1666.5,5761761,1679.5,1690.17,1696.0,1666.5,5761761,16.6,0.9919,"Nov 30, 18",0.125235
2018-12-03,1769.46,1772.36,1778.34,1730.0,6862160,1769.46,1772.36,1778.34,1730.0,6862160,82.19,4.8628,"Dec 3, 18",0.179953
2018-12-04,1756.0,1668.4,1770.33,1665.0,8694455,1756.0,1668.4,1770.33,1665.0,8694455,-103.96,-5.8656,"Dec 4, 18",0.110741
2018-12-06,1614.87,1699.19,1701.05,1609.85,8789394,1614.87,1699.19,1701.05,1609.85,8789394,30.79,1.8455,"Dec 6, 18",0.13124
2018-12-07,1705.07,1629.13,1718.92,1625.46,7576132,1705.07,1629.13,1718.92,1625.46,7576132,-70.06,-4.1231,"Dec 7, 18",0.084597
2018-12-10,1623.84,1641.03,1657.99,1590.87,7494808,1623.84,1641.03,1657.99,1590.87,7494808,11.9,0.7305,"Dec 10, 18",0.09252
2018-12-11,1678.0,1643.24,1679.46,1619.6,6244695,1678.0,1643.24,1679.46,1619.6,6244695,2.21,0.1347,"Dec 11, 18",0.093991
2018-12-12,1669.0,1663.54,1704.99,1660.27,6597968,1669.0,1663.54,1704.99,1660.27,6597968,20.3,1.2354,"Dec 12, 18",0.107506
2018-12-13,1680.0,1658.38,1692.12,1641.5,5271162,1680.0,1658.38,1692.12,1641.5,5271162,-5.16,-0.3102,"Dec 13, 18",0.10407
2018-12-14,1638.0,1591.91,1642.57,1585.0,6367163,1638.0,1591.91,1642.57,1585.0,6367163,-66.47,-4.0081,"Dec 14, 18",0.059818
2018-12-17,1566.0,1520.91,1576.13,1505.01,8829762,1566.0,1520.91,1576.13,1505.01,8829762,-71.0,-4.4601,"Dec 17, 18",0.012549
2018-12-18,1540.0,1551.48,1567.55,1523.01,6522975,1540.0,1551.48,1567.55,1523.01,6522975,30.57,2.01,"Dec 18, 18",0.032901
2018-12-19,1543.05,1495.08,1584.53,1483.18,8792189,1543.05,1495.08,1584.53,1483.18,8792189,-56.4,-3.6352,"Dec 19, 18",-0.004647
2018-12-20,1484.0,1460.83,1509.5,1432.69,9991833,1484.0,1460.83,1509.5,1432.69,9991833,-34.25,-2.2908,"Dec 20, 18",-0.027449
2018-12-21,1464.99,1377.45,1480.0,1363.96,13640320,1464.99,1377.45,1480.0,1363.96,13640320,-83.38,-5.7077,"Dec 21, 18",-0.082959
2018-12-24,1346.0,1343.96,1396.03,1307.0,7219996,1346.0,1343.96,1396.03,1307.0,7219996,-33.49,-2.4313,"Dec 24, 18",-0.105255
2018-12-26,1368.89,1470.9,1473.15,1363.01,10411801,1368.89,1470.9,1473.15,1363.01,10411801,126.94,9.4452,"Dec 26, 18",-0.020745
2018-12-27,1454.2,1461.64,1469.0,1390.31,9722034,1454.2,1461.64,1469.0,1390.31,9722034,-9.26,-0.6295,"Dec 27, 18",-0.02691
2018-12-28,1473.35,1478.02,1513.47,1449.0,8828950,1473.35,1478.02,1513.47,1449.0,8828950,16.38,1.1207,"Dec 28, 18",-0.016005
2018-12-31,1510.8,1501.97,1520.76,1487.0,6954507,1510.8,1501.97,1520.76,1487.0,6954507,23.95,1.6204,"Dec 31, 18",-6e-05
2019-01-02,1465.2,1539.13,1553.36,1460.93,7983103,1465.2,1539.13,1553.36,1460.93,7983103,37.16,2.4741,"Jan 2, 19",0.024679
2019-01-03,1520.01,1500.28,1538.0,1497.11,6975572,1520.01,1500.28,1538.0,1497.11,6975572,-38.85,-2.5242,"Jan 3, 19",-0.001185
2019-01-04,1530.0,1575.39,1594.0,1518.31,9182575,1530.0,1575.39,1594.0,1518.31,9182575,75.11,5.0064,"Jan 4, 19",0.04882
2019-01-07,1602.31,1629.51,1634.56,1589.18,7993213,1602.31,1629.51,1634.56,1589.18,7993213,54.12,3.4353,"Jan 7, 19",0.08485
2019-01-08,1664.69,1656.58,1676.61,1616.61,8881428,1664.69,1656.58,1676.61,1616.61,8881428,27.07,1.6612,"Jan 8, 19",0.102872
2019-01-09,1652.98,1659.42,1667.79,1641.39,6348801,1652.98,1659.42,1667.79,1641.39,6348801,2.84,0.1714,"Jan 9, 19",0.104763
2019-01-10,1641.01,1656.22,1663.25,1621.61,6507693,1641.01,1656.22,1663.25,1621.61,6507693,-3.2,-0.1928,"Jan 10, 19",0.102632
2019-01-11,1640.55,1640.56,1660.29,1636.22,4686222,1640.55,1640.56,1660.29,1636.22,4686222,-15.66,-0.9455,"Jan 11, 19",0.092207
2019-01-14,1615.0,1617.21,1648.2,1595.15,6005888,1615.0,1617.21,1648.2,1595.15,6005888,-23.35,-1.4233,"Jan 14, 19",0.076661
2019-01-15,1632.0,1674.56,1675.16,1626.01,5998510,1632.0,1674.56,1675.16,1626.01,5998510,57.35,3.5462,"Jan 15, 19",0.114842
2019-01-16,1684.22,1683.78,1705.0,1675.87,6366864,1684.22,1683.78,1705.0,1675.87,6366864,9.22,0.5506,"Jan 16, 19",0.120981
2019-01-17,1680.0,1693.22,1700.17,1677.5,4208875,1680.0,1693.22,1700.17,1677.5,4208875,9.44,0.5606,"Jan 17, 19",0.127265
2019-01-18,1712.0,1696.2,1716.2,1691.54,6020503,1712.0,1696.2,1716.2,1691.54,6020503,2.98,0.176,"Jan 18, 19",0.129249
2019-01-22,1681.0,1632.17,1681.86,1610.2,6416796,1681.0,1632.17,1681.86,1610.2,6416796,-64.03,-3.7749,"Jan 22, 19",0.086621
2019-01-23,1656.0,1640.02,1657.43,1612.0,5225212,1656.0,1640.02,1657.43,1612.0,5225212,7.85,0.481,"Jan 23, 19",0.091847
2019-01-24,1641.07,1654.93,1657.25,1631.78,4089943,1641.07,1654.93,1657.25,1631.78,4089943,14.91,0.9091,"Jan 24, 19",0.101774
2019-01-25,1670.5,1670.57,1683.48,1661.61,4959679,1670.5,1670.57,1683.48,1661.61,4959679,15.64,0.9451,"Jan 25, 19",0.112186
2019-01-28,1643.59,1637.89,1645.0,1614.09,4837711,1643.59,1637.89,1645.0,1614.09,4837711,-32.68,-1.9562,"Jan 28, 19",0.090429
2019-01-29,1631.27,1593.88,1632.38,1590.72,4632782,1631.27,1593.88,1632.38,1590.72,4632782,-44.01,-2.687,"Jan 29, 19",0.061129
2019-01-30,1623.0,1670.43,1676.95,1619.68,5783822,1623.0,1670.43,1676.95,1619.68,5783822,76.55,4.8027,"Jan 30, 19",0.112093
2019-01-31,1692.85,1718.73,1736.41,1679.08,10910338,1692.85,1718.73,1736.41,1679.08,10910338,48.3,2.8915,"Jan 31, 19",0.144249
2019-02-01,1638.88,1626.23,1673.06,1622.01,11506213,1638.88,1626.23,1673.06,1622.01,11506213,-92.5,-5.3819,"Feb 1, 19",0.082666
2019-02-04,1623.0,1633.31,1649.63,1613.5,4929187,1623.0,1633.31,1649.63,1613.5,4929187,7.08,0.4354,"Feb 4, 19",0.08738
2019-02-05,1643.34,1658.81,1665.26,1642.5,4453105,1643.34,1658.81,1665.26,1642.5,4453105,25.5,1.5612,"Feb 5, 19",0.104357
2019-02-06,1670.75,1640.26,1672.26,1633.34,3939883,1670.75,1640.26,1672.26,1633.34,3939883,-18.55,-1.1183,"Feb 6, 19",0.092007
2019-02-07,1625.0,1614.37,1625.53,1592.91,4626589,1625.0,1614.37,1625.53,1592.91,4626589,-25.89,-1.5784,"Feb 7, 19",0.074771
2019-02-08,1586.0,1588.22,1588.59,1566.75,5657457,1586.0,1588.22,1588.59,1566.75,5657457,-26.15,-1.6198,"Feb 8, 19",0.057361
2019-02-11,1600.98,1591.0,1609.29,1586.0,3317328,1600.98,1591.0,1609.29,1586.0,3317328,2.78,0.175,"Feb 11, 19",0.059212
2019-02-12,1604.0,1638.01,1639.39,1598.88,4858604,1604.0,1638.01,1639.39,1598.88,4858604,47.01,2.9547,"Feb 12, 19",0.090509
2019-02-13,1647.0,1640.0,1656.38,1637.1,3560321,1647.0,1640.0,1656.38,1637.1,3560321,1.99,0.1215,"Feb 13, 19",0.091834
2019-02-14,1624.5,1622.65,1637.9,1606.06,4120524,1624.5,1622.65,1637.9,1606.06,4120524,-17.35,-1.0579,"Feb 14, 19",0.080283
2019-02-15,1627.86,1607.95,1628.9,1604.5,4343893,1627.86,1607.95,1628.9,1604.5,4343893,-14.7,-0.9059,"Feb 15, 19",0.070497
2019-02-19,1601.0,1627.58,1634.0,1600.56,3681656,1601.0,1627.58,1634.0,1600.56,3681656,19.63,1.2208,"Feb 19, 19",0.083565
2019-02-20,1630.0,1622.1,1634.93,1610.12,3337589,1630.0,1622.1,1634.93,1610.12,3337589,-5.48,-0.3367,"Feb 20, 19",0.079917
2019-02-21,1619.85,1619.44,1623.56,1600.91,3483392,1619.85,1619.44,1623.56,1600.91,3483392,-2.66,-0.164,"Feb 21, 19",0.078146
2019-02-22,1623.5,1631.56,1634.94,1621.17,3096191,1623.5,1631.56,1634.94,1621.17,3096191,12.12,0.7484,"Feb 22, 19",0.086215
2019-02-25,1641.45,1633.0,1654.6,1630.38,3184462,1641.45,1633.0,1654.6,1630.38,3184462,1.44,0.0883,"Feb 25, 19",0.087174
2019-02-26,1625.98,1636.4,1639.99,1616.13,2665815,1625.98,1636.4,1639.99,1616.13,2665815,3.4,0.2082,"Feb 26, 19",0.089437
2019-02-27,1628.18,1641.09,1641.81,1615.1,3148824,1628.18,1641.09,1641.81,1615.1,3148824,4.69,0.2866,"Feb 27, 19",0.09256
2019-02-28,1635.25,1639.83,1651.77,1633.83,3025891,1635.25,1639.83,1651.77,1633.83,3025891,-1.26,-0.0768,"Feb 28, 19",0.091721
2019-03-01,1655.13,1671.73,1674.26,1651.0,4974877,1655.13,1671.73,1674.26,1651.0,4974877,31.9,1.9453,"Mar 1, 19",0.112958
2019-03-04,1685.0,1696.17,1709.43,1674.36,6167358,1685.0,1696.17,1709.43,1674.36,6167358,24.44,1.462,"Mar 4, 19",0.129229
2019-03-05,1702.95,1692.43,1707.8,1689.01,3681522,1702.95,1692.43,1707.8,1689.01,3681522,-3.74,-0.2205,"Mar 5, 19",0.126739
2019-03-06,1695.97,1668.95,1697.75,1668.28,3996001,1695.97,1668.95,1697.75,1668.28,3996001,-23.48,-1.3874,"Mar 6, 19",0.111107
2019-03-07,1667.37,1625.95,1669.75,1620.51,4957017,1667.37,1625.95,1669.75,1620.51,4957017,-43.0,-2.5765,"Mar 7, 19",0.08248
2019-03-08,1604.01,1620.8,1622.72,1586.57,4667014,1604.01,1620.8,1622.72,1586.57,4667014,-5.15,-0.3167,"Mar 8, 19",0.079051
2019-03-11,1626.12,1670.62,1672.28,1626.01,3876352,1626.12,1670.62,1672.28,1626.01,3876352,49.82,3.0738,"Mar 11, 19",0.112219
2019-03-12,1669.0,1673.1,1684.26,1660.98,3614498,1669.0,1673.1,1684.26,1660.98,3614498,2.48,0.1484,"Mar 12, 19",0.11387
2019-03-13,1683.0,1690.81,1700.0,1679.35,3552041,1683.0,1690.81,1700.0,1679.35,3552041,17.71,1.0585,"Mar 13, 19",0.125661
2019-03-14,1691.2,1686.22,1702.0,1684.34,2946618,1691.2,1686.22,1702.0,1684.34,2946618,-4.59,-0.2715,"Mar 14, 19",0.122605
2019-03-15,1703.0,1712.36,1718.8,1693.13,7550870,1703.0,1712.36,1718.8,1693.13,7550870,26.14,1.5502,"Mar 15, 19",0.140008
2019-03-18,1712.7,1742.15,1750.0,1712.63,5429058,1712.7,1742.15,1750.0,1712.63,5429058,29.79,1.7397,"Mar 18, 19",0.15984
2019-03-19,1753.51,1761.85,1784.16,1753.51,6364161,1753.51,1761.85,1784.16,1753.51,6364161,19.7,1.1308,"Mar 19, 19",0.172956
2019-03-20,1769.94,1797.27,1799.5,1767.03,6265633,1769.94,1797.27,1799.5,1767.03,6265633,35.42,2.0104,"Mar 20, 19",0.196537
2019-03-21,1796.26,1819.26,1823.75,1787.28,5767797,1796.26,1819.26,1823.75,1787.28,5767797,21.99,1.2235,"Mar 21, 19",0.211177
2019-03-22,1810.17,1764.77,1818.98,1763.11,6362983,1810.17,1764.77,1818.98,1763.11,6362983,-54.49,-2.9952,"Mar 22, 19",0.1749
2019-03-25,1757.79,1774.26,1782.67,1747.5,5103803,1757.79,1774.26,1782.67,1747.5,5103803,9.49,0.5377,"Mar 25, 19",0.181218
2019-03-26,1793.0,1783.76,1805.77,1773.35,4865880,1793.0,1783.76,1805.77,1773.35,4865880,9.5,0.5354,"Mar 26, 19",0.187542
2019-03-27,1784.13,1765.7,1787.5,1745.68,4324801,1784.13,1765.7,1787.5,1745.68,4324801,-18.06,-1.0125,"Mar 27, 19",0.175519
2019-03-28,1770.0,1773.42,1777.93,1753.47,3042958,1770.0,1773.42,1777.93,1753.47,3042958,7.72,0.4372,"Mar 28, 19",0.180659
2019-03-29,1786.58,1780.75,1792.86,1776.63,3320793,1786.58,1780.75,1792.86,1776.63,3320793,7.33,0.4133,"Mar 29, 19",0.185539
2019-04-01,1800.11,1814.19,1815.67,1798.73,4238752,1800.11,1814.19,1815.67,1798.73,4238752,33.44,1.8779,"Apr 1, 19",0.207801
2019-04-02,1811.02,1813.98,1820.0,1805.12,3448115,1811.02,1813.98,1820.0,1805.12,3448115,-0.21,-0.0116,"Apr 2, 19",0.207661
2019-04-03,1826.72,1820.7,1830.0,1809.62,3980590,1826.72,1820.7,1830.0,1809.62,3980590,6.72,0.3705,"Apr 3, 19",0.212135
2019-04-04,1820.65,1818.86,1828.75,1804.2,3623867,1820.65,1818.86,1828.75,1804.2,3623867,-1.84,-0.1011,"Apr 4, 19",0.21091
2019-04-05,1829.0,1837.28,1838.58,1825.19,3640476,1829.0,1837.28,1838.58,1825.19,3640476,18.42,1.0127,"Apr 5, 19",0.223174
2019-04-08,1833.23,1849.86,1850.2,1825.11,3752841,1833.23,1849.86,1850.2,1825.11,3752841,12.58,0.6847,"Apr 8, 19",0.231549
2019-04-09,1845.49,1835.84,1853.09,1831.78,3714368,1845.49,1835.84,1853.09,1831.78,3714368,-14.02,-0.7579,"Apr 9, 19",0.222215
2019-04-10,1841.0,1847.33,1848.0,1828.81,2963973,1841.0,1847.33,1848.0,1828.81,2963973,11.49,0.6259,"Apr 10, 19",0.229864
2019-04-11,1848.7,1844.07,1849.95,1840.31,2654842,1848.7,1844.07,1849.95,1840.31,2654842,-3.26,-0.1765,"Apr 11, 19",0.227694
2019-04-12,1848.4,1843.06,1851.5,1841.3,3114413,1848.4,1843.06,1851.5,1841.3,3114413,-1.01,-0.0548,"Apr 12, 19",0.227022
2019-04-15,1842.0,1844.87,1846.85,1818.9,3724423,1842.0,1844.87,1846.85,1818.9,3724423,1.81,0.0982,"Apr 15, 19",0.228227
2019-04-16,1851.35,1863.04,1869.77,1848.0,3044618,1851.35,1863.04,1869.77,1848.0,3044618,18.17,0.9849,"Apr 16, 19",0.240323
2019-04-17,1872.99,1864.82,1876.47,1860.44,2893517,1872.99,1864.82,1876.47,1860.44,2893517,1.78,0.0955,"Apr 17, 19",0.241508
2019-04-18,1868.79,1861.69,1870.82,1859.48,2749882,1868.79,1861.69,1870.82,1859.48,2749882,-3.13,-0.1678,"Apr 18, 19",0.239425
2019-04-22,1855.4,1887.31,1888.42,1845.64,3373807,1855.4,1887.31,1888.42,1845.64,3373807,25.62,1.3762,"Apr 22, 19",0.256481
2019-04-23,1891.2,1923.77,1929.26,1889.58,4640441,1891.2,1923.77,1929.26,1889.58,4640441,36.46,1.9319,"Apr 23, 19",0.280754
2019-04-24,1925.0,1901.75,1929.69,1898.16,3675781,1925.0,1901.75,1929.69,1898.16,3675781,-22.02,-1.1446,"Apr 24, 19",0.266095
2019-04-25,1917.0,1902.25,1922.45,1900.31,6099101,1917.0,1902.25,1922.45,1900.31,6099101,0.5,0.0263,"Apr 25, 19",0.266427
2019-04-26,1929.0,1950.63,1951.0,1898.0,8432563,1929.0,1950.63,1951.0,1898.0,8432563,48.38,2.5433,"Apr 26, 19",0.298637
2019-04-29,1949.0,1938.43,1956.33,1934.09,4021255,1949.0,1938.43,1956.33,1934.09,4021255,-12.2,-0.6254,"Apr 29, 19",0.290514
2019-04-30,1930.1,1926.52,1935.71,1906.95,3506007,1930.1,1926.52,1935.71,1906.95,3506007,-11.91,-0.6144,"Apr 30, 19",0.282585
2019-05-01,1933.09,1911.52,1943.64,1910.55,3116964,1933.09,1911.52,1943.64,1910.55,3116964,-15.0,-0.7786,"May 1, 19",0.272599
2019-05-02,1913.33,1900.82,1921.55,1881.87,3962915,1913.33,1900.82,1921.55,1881.87,3962915,-10.7,-0.5598,"May 2, 19",0.265475
2019-05-03,1949.0,1962.46,1964.4,1936.0,6381564,1949.0,1962.46,1964.4,1936.0,6381564,61.64,3.2428,"May 3, 19",0.306512
2019-05-06,1917.98,1950.55,1959.0,1910.5,5417841,1917.98,1950.55,1959.0,1910.5,5417841,-11.91,-0.6069,"May 6, 19",0.298583
2019-05-07,1939.99,1921.0,1949.1,1903.37,5902134,1939.99,1921.0,1949.1,1903.37,5902134,-29.55,-1.515,"May 7, 19",0.27891
2019-05-08,1918.87,1917.77,1935.37,1910.0,4078568,1918.87,1917.77,1935.37,1910.0,4078568,-3.23,-0.1681,"May 8, 19",0.27676
2019-05-09,1900.0,1899.87,1909.4,1876.0,5308263,1900.0,1899.87,1909.4,1876.0,5308263,-17.9,-0.9334,"May 9, 19",0.264843
2019-05-10,1898.0,1889.98,1903.79,1856.0,5717994,1898.0,1889.98,1903.79,1856.0,5717994,-9.89,-0.5206,"May 10, 19",0.258259
2019-05-13,1836.56,1822.68,1846.53,1818.0,5783410,1836.56,1822.68,1846.53,1818.0,5783410,-67.3,-3.5609,"May 13, 19",0.213454
2019-05-14,1839.5,1840.12,1852.44,1815.75,4629107,1839.5,1840.12,1852.44,1815.75,4629107,17.44,0.9568,"May 14, 19",0.225064
2019-05-15,1827.95,1871.15,1874.42,1823.0,4692642,1827.95,1871.15,1874.42,1823.0,4692642,31.03,1.6863,"May 15, 19",0.245723
2019-05-16,1885.94,1907.57,1917.51,1882.29,4707822,1885.94,1907.57,1917.51,1882.29,4707822,36.42,1.9464,"May 16, 19",0.269969
2019-05-17,1893.05,1869.0,1910.53,1867.33,4736618,1893.05,1869.0,1910.53,1867.33,4736618,-38.57,-2.0219,"May 17, 19",0.244291
2019-05-20,1852.69,1858.97,1867.78,1835.54,3798198,1852.69,1858.97,1867.78,1835.54,3798198,-10.03,-0.5367,"May 20, 19",0.237614
2019-05-21,1874.79,1857.52,1879.0,1846.0,4005122,1874.79,1857.52,1879.0,1846.0,4005122,-1.45,-0.078,"May 21, 19",0.236648
2019-05-22,1851.78,1859.68,1871.48,1851.0,2936601,1851.78,1859.68,1871.48,1851.0,2936601,2.16,0.1163,"May 22, 19",0.238086
2019-05-23,1836.59,1815.48,1844.0,1804.2,4424265,1836.59,1815.48,1844.0,1804.2,4424265,-44.2,-2.3768,"May 23, 19",0.20866
2019-05-24,1835.89,1823.28,1841.76,1817.85,3369673,1835.89,1823.28,1841.76,1817.85,3369673,7.8,0.4296,"May 24, 19",0.213853
2019-05-28,1832.75,1836.43,1849.26,1827.35,3199965,1832.75,1836.43,1849.26,1827.35,3199965,13.15,0.7212,"May 28, 19",0.222608
2019-05-29,1823.12,1819.19,1830.0,1807.53,4279025,1823.12,1819.19,1830.0,1807.53,4279025,-17.24,-0.9388,"May 29, 19",0.21113
2019-05-30,1825.49,1816.32,1829.47,1807.82,3146850,1825.49,1816.32,1829.47,1807.82,3146850,-2.87,-0.1578,"May 30, 19",0.209219
2019-05-31,1790.01,1775.07,1795.58,1772.7,4618819,1790.01,1775.07,1795.58,1772.7,4618819,-41.25,-2.2711,"May 31, 19",0.181757
2019-06-03,1760.01,1692.69,1766.29,1672.0,9098708,1760.01,1692.69,1766.29,1672.0,9098708,-82.38,-4.6409,"Jun 3, 19",0.126912
2019-06-04,1699.24,1729.56,1730.82,1680.89,5679121,1699.24,1729.56,1730.82,1680.89,5679121,36.87,2.1782,"Jun 4, 19",0.151459
2019-06-05,1749.6,1738.5,1752.0,1715.25,4239782,1749.6,1738.5,1752.0,1715.25,4239782,8.94,0.5169,"Jun 5, 19",0.15741
2019-06-06,1737.71,1754.36,1760.0,1726.13,3689272,1737.71,1754.36,1760.0,1726.13,3689272,15.86,0.9123,"Jun 6, 19",0.167969
2019-06-07,1763.7,1804.03,1806.25,1759.49,4808246,1763.7,1804.03,1806.25,1759.49,4808246,49.67,2.8312,"Jun 7, 19",0.201037
2019-06-10,1822.0,1860.63,1884.87,1818.0,5371007,1822.0,1860.63,1884.87,1818.0,5371007,56.6,3.1374,"Jun 10, 19",0.238719
2019-06-11,1883.25,1863.7,1893.7,1858.0,4042694,1883.25,1863.7,1893.7,1858.0,4042694,3.07,0.165,"Jun 11, 19",0.240763
2019-06-12,1853.98,1855.32,1865.0,1844.38,2678335,1853.98,1855.32,1865.0,1844.38,2678335,-8.38,-0.4496,"Jun 12, 19",0.235184
2019-06-13,1866.72,1870.3,1883.09,1862.22,2795810,1866.72,1870.3,1883.09,1862.22,2795810,14.98,0.8074,"Jun 13, 19",0.245157
2019-06-14,1864.0,1869.67,1876.0,1859.0,2851163,1864.0,1869.67,1876.0,1859.0,2851163,-0.63,-0.0337,"Jun 14, 19",0.244737
2019-06-17,1876.5,1886.03,1895.68,1875.45,2634342,1876.5,1886.03,1895.68,1875.45,2634342,16.36,0.875,"Jun 17, 19",0.255629
2019-06-18,1901.35,1901.37,1921.67,1899.79,3895728,1901.35,1901.37,1921.67,1899.79,3895728,15.34,0.8133,"Jun 18, 19",0.265842
2019-06-19,1907.84,1908.79,1919.58,1892.47,2895347,1907.84,1908.79,1919.58,1892.47,2895347,7.42,0.3902,"Jun 19, 19",0.270781
2019-06-20,1933.33,1918.19,1935.2,1905.8,3217153,1933.33,1918.19,1935.2,1905.8,3217153,9.4,0.4925,"Jun 20, 19",0.27704
2019-06-21,1916.1,1911.3,1925.95,1907.58,3933576,1916.1,1911.3,1925.95,1907.58,3933576,-6.89,-0.3592,"Jun 21, 19",0.272452
2019-06-24,1912.66,1913.9,1916.86,1901.3,2282969,1912.66,1913.9,1916.86,1901.3,2282969,2.6,0.136,"Jun 24, 19",0.274183
2019-06-25,1911.84,1878.27,1916.38,1872.42,3012347,1911.84,1878.27,1916.38,1872.42,3012347,-35.63,-1.8616,"Jun 25, 19",0.250463
2019-06-26,1892.48,1897.83,1903.8,1887.32,2441910,1892.48,1897.83,1903.8,1887.32,2441910,19.56,1.0414,"Jun 26, 19",0.263485
2019-06-27,1902.0,1904.28,1911.24,1898.04,2141721,1902.0,1904.28,1911.24,1898.04,2141721,6.45,0.3399,"Jun 27, 19",0.267779
2019-06-28,1909.1,1893.63,1912.94,1884.0,3037358,1909.1,1893.63,1912.94,1884.0,3037358,-10.65,-0.5593,"Jun 28, 19",0.260689
2019-07-01,1922.98,1922.19,1929.82,1914.66,3203347,1922.98,1922.19,1929.82,1914.66,3203347,28.56,1.5082,"Jul 1, 19",0.279703
2019-07-02,1919.38,1934.31,1934.79,1906.63,2651299,1919.38,1934.31,1934.79,1906.63,2651299,12.12,0.6305,"Jul 2, 19",0.287771
2019-07-03,1935.89,1939.0,1941.59,1930.5,1690294,1935.89,1939.0,1941.59,1930.5,1690294,4.69,0.2425,"Jul 3, 19",0.290894
2019-07-05,1928.6,1942.91,1945.9,1925.3,2628359,1928.6,1942.91,1945.9,1925.3,2628359,3.91,0.2017,"Jul 5, 19",0.293497
2019-07-08,1934.12,1952.32,1956.0,1928.25,2883371,1934.12,1952.32,1956.0,1928.25,2883371,9.41,0.4843,"Jul 8, 19",0.299762
2019-07-09,1947.8,1988.3,1990.01,1943.47,4345698,1947.8,1988.3,1990.01,1943.47,4345698,35.98,1.8429,"Jul 9, 19",0.323715
2019-07-10,1996.51,2017.41,2024.94,1995.4,4931902,1996.51,2017.41,2024.94,1995.4,4931902,29.11,1.4641,"Jul 10, 19",0.343095
2019-07-11,2025.62,2001.07,2035.8,1995.3,4317766,2025.62,2001.07,2035.8,1995.3,4317766,-16.34,-0.8099,"Jul 11, 19",0.332217
2019-07-12,2008.27,2011.0,2017.0,2003.87,2509297,2008.27,2011.0,2017.0,2003.87,2509297,9.93,0.4962,"Jul 12, 19",0.338828
2019-07-15,2021.4,2020.99,2022.9,2001.55,2981343,2021.4,2020.99,2022.9,2001.55,2981343,9.99,0.4968,"Jul 15, 19",0.345479
2019-07-16,2010.58,2009.9,2026.31,2001.22,2618198,2010.58,2009.9,2026.31,2001.22,2618198,-11.09,-0.5487,"Jul 16, 19",0.338096
2019-07-17,2007.05,1992.03,2012.0,1992.03,2558809,2007.05,1992.03,2012.0,1992.03,2558809,-17.87,-0.8891,"Jul 17, 19",0.326199
2019-07-18,1980.01,1977.9,1987.5,1951.55,3504252,1980.01,1977.9,1987.5,1951.55,3504252,-14.13,-0.7093,"Jul 18, 19",0.316792
2019-07-19,1991.21,1964.52,1996.0,1962.22,3185612,1991.21,1964.52,1996.0,1962.22,3185612,-13.38,-0.6765,"Jul 19, 19",0.307884
2019-07-22,1971.14,1985.63,1989.0,1958.26,2908111,1971.14,1985.63,1989.0,1958.26,2908111,21.11,1.0746,"Jul 22, 19",0.321938
2019-07-23,1995.99,1994.49,1997.79,1973.13,2703480,1995.99,1994.49,1997.79,1973.13,2703480,8.86,0.4462,"Jul 23, 19",0.327836
2019-07-24,1969.3,2000.81,2001.3,1965.87,2631300,1969.3,2000.81,2001.3,1965.87,2631300,6.32,0.3169,"Jul 24, 19",0.332044
2019-07-25,2001.0,1973.82,2001.2,1972.72,4136461,2001.0,1973.82,2001.2,1972.72,4136461,-26.99,-1.349,"Jul 25, 19",0.314075
2019-07-26,1942.0,1943.05,1950.89,1924.51,4927143,1942.0,1943.05,1950.89,1924.51,4927143,-30.77,-1.5589,"Jul 26, 19",0.29359
2019-07-29,1930.0,1912.45,1932.22,1890.54,4493190,1930.0,1912.45,1932.22,1890.54,4493190,-30.6,-1.5748,"Jul 29, 19",0.273218
2019-07-30,1891.11,1898.53,1909.89,1883.48,2910888,1891.11,1898.53,1909.89,1883.48,2910888,-13.92,-0.7279,"Jul 30, 19",0.263951
2019-07-31,1898.11,1866.78,1899.55,1849.44,4470727,1898.11,1866.78,1899.55,1849.44,4470727,-31.75,-1.6723,"Jul 31, 19",0.242813
2019-08-01,1871.72,1855.32,1897.92,1844.01,4713311,1871.72,1855.32,1897.92,1844.01,4713311,-11.46,-0.6139,"Aug 1, 19",0.235184
2019-08-02,1845.07,1823.24,1846.36,1808.02,4956225,1845.07,1823.24,1846.36,1808.02,4956225,-32.08,-1.7291,"Aug 2, 19",0.213826
2019-08-05,1770.22,1765.13,1788.66,1748.78,6058212,1770.22,1765.13,1788.66,1748.78,6058212,-58.11,-3.1872,"Aug 5, 19",0.175139
2019-08-06,1792.23,1787.83,1793.77,1753.4,5070258,1792.23,1787.83,1793.77,1753.4,5070258,22.7,1.286,"Aug 6, 19",0.190252
2019-08-07,1773.99,1793.4,1798.93,1757.0,4526884,1773.99,1793.4,1798.93,1757.0,4526884,5.57,0.3116,"Aug 7, 19",0.19396
2019-08-08,1806.0,1832.89,1834.26,1798.11,3701242,1806.0,1832.89,1834.26,1798.11,3701242,39.49,2.202,"Aug 8, 19",0.220251
2019-08-09,1828.95,1807.58,1831.09,1802.22,2879770,1828.95,1807.58,1831.09,1802.22,2879770,-25.31,-1.3809,"Aug 9, 19",0.203401
2019-08-12,1795.99,1784.92,1800.98,1777.0,2905498,1795.99,1784.92,1800.98,1777.0,2905498,-22.66,-1.2536,"Aug 12, 19",0.188315
2019-08-13,1783.0,1824.34,1831.74,1780.0,4075021,1783.0,1824.34,1831.74,1780.0,4075021,39.42,2.2085,"Aug 13, 19",0.214559
2019-08-14,1793.01,1762.96,1795.65,1757.21,4893649,1793.01,1762.96,1795.65,1757.21,4893649,-61.38,-3.3645,"Aug 14, 19",0.173695
2019-08-15,1781.99,1776.12,1788.0,1761.96,3809948,1781.99,1776.12,1788.0,1761.96,3809948,13.16,0.7465,"Aug 15, 19",0.182456
2019-08-16,1792.89,1792.57,1802.9,1784.54,3054240,1792.89,1792.57,1802.9,1784.54,3054240,16.45,0.9262,"Aug 16, 19",0.193408
2019-08-19,1818.08,1816.12,1826.0,1812.61,2820303,1818.08,1816.12,1826.0,1812.61,2820303,23.55,1.3138,"Aug 19, 19",0.209086
2019-08-20,1814.5,1801.38,1816.82,1799.88,1932835,1814.5,1801.38,1816.82,1799.88,1932835,-14.74,-0.8116,"Aug 20, 19",0.199273
2019-08-21,1819.39,1823.54,1829.57,1815.0,2039231,1819.39,1823.54,1829.57,1815.0,2039231,22.16,1.2302,"Aug 21, 19",0.214026
2019-08-22,1828.0,1805.6,1829.41,1800.1,2658388,1828.0,1805.6,1829.41,1800.1,2658388,-17.94,-0.9838,"Aug 22, 19",0.202082
2019-08-23,1793.03,1749.62,1804.89,1745.23,5277898,1793.03,1749.62,1804.89,1745.23,5277898,-55.98,-3.1004,"Aug 23, 19",0.164814
2019-08-26,1766.91,1768.87,1770.0,1743.51,3085320,1766.91,1768.87,1770.0,1743.51,3085320,19.25,1.1002,"Aug 26, 19",0.177629
2019-08-27,1775.73,1761.83,1779.4,1746.68,3027245,1775.73,1761.83,1779.4,1746.68,3027245,-7.04,-0.398,"Aug 27, 19",0.172942
2019-08-28,1755.0,1764.25,1767.86,1744.05,2421893,1755.0,1764.25,1767.86,1744.05,2421893,2.42,0.1374,"Aug 28, 19",0.174554
2019-08-29,1783.0,1786.4,1798.55,1777.25,3018012,1783.0,1786.4,1798.55,1777.25,3018012,22.15,1.2555,"Aug 29, 19",0.1893
2019-08-30,1797.49,1776.29,1799.74,1764.57,3064147,1797.49,1776.29,1799.74,1764.57,3064147,-10.11,-0.5659,"Aug 30, 19",0.182569
2019-09-03,1770.0,1789.84,1800.8,1768.0,3546859,1770.0,1789.84,1800.8,1768.0,3546859,13.55,0.7628,"Sep 3, 19",0.19159
2019-09-04,1805.0,1800.62,1807.63,1796.23,2326228,1805.0,1800.62,1807.63,1796.23,2326228,10.78,0.6023,"Sep 4, 19",0.198767
2019-09-05,1821.95,1840.72,1842.0,1815.57,3325189,1821.95,1840.72,1842.0,1815.57,3325189,40.1,2.227,"Sep 5, 19",0.225464
2019-09-06,1838.22,1833.51,1840.65,1826.4,2496933,1838.22,1833.51,1840.65,1826.4,2496933,-7.21,-0.3917,"Sep 6, 19",0.220664
2019-09-09,1841.0,1831.35,1850.0,1824.61,2999515,1841.0,1831.35,1850.0,1824.61,2999515,-2.16,-0.1178,"Sep 9, 19",0.219226
2019-09-10,1822.75,1820.55,1825.81,1805.33,2613879,1822.75,1820.55,1825.81,1805.33,2613879,-10.8,-0.5897,"Sep 10, 19",0.212035
2019-09-11,1812.14,1822.99,1833.42,1809.08,2432767,1812.14,1822.99,1833.42,1809.08,2432767,2.44,0.134,"Sep 11, 19",0.21366
2019-09-12,1837.63,1843.55,1853.66,1834.28,2823505,1837.63,1843.55,1853.66,1834.28,2823505,20.56,1.1278,"Sep 12, 19",0.227348
2019-09-13,1842.01,1839.34,1846.12,1835.17,1971317,1842.01,1839.34,1846.12,1835.17,1971317,-4.21,-0.2284,"Sep 13, 19",0.224545
2019-09-16,1824.02,1807.84,1825.69,1800.2,3675473,1824.02,1807.84,1825.69,1800.2,3675473,-31.5,-1.7126,"Sep 16, 19",0.203574
2019-09-17,1807.08,1822.55,1823.99,1804.1,2033058,1807.08,1822.55,1823.99,1804.1,2033058,14.71,0.8137,"Sep 17, 19",0.213367
2019-09-18,1817.04,1817.46,1822.06,1795.5,2536012,1817.04,1817.46,1822.06,1795.5,2536012,-5.09,-0.2793,"Sep 18, 19",0.209978
2019-09-19,1821.02,1821.5,1832.57,1817.9,2078335,1821.02,1821.5,1832.57,1817.9,2078335,4.04,0.2223,"Sep 19, 19",0.212668
2019-09-20,1821.71,1794.16,1830.63,1780.92,5555839,1821.71,1794.16,1830.63,1780.92,5555839,-27.34,-1.501,"Sep 20, 19",0.194466
2019-09-23,1777.0,1785.3,1792.7,1767.32,3139142,1777.0,1785.3,1792.7,1767.32,3139142,-8.86,-0.4938,"Sep 23, 19",0.188568
2019-09-24,1790.6,1741.61,1795.7,1735.54,4637901,1790.6,1741.61,1795.7,1735.54,4637901,-43.69,-2.4472,"Sep 24, 19",0.159481
2019-09-25,1747.36,1768.33,1773.0,1723.0,3531098,1747.36,1768.33,1773.0,1723.0,3531098,26.72,1.5342,"Sep 25, 19",0.17727
2019-09-26,1762.79,1739.84,1763.37,1731.5,3571952,1762.79,1739.84,1763.37,1731.5,3571952,-28.49,-1.6111,"Sep 26, 19",0.158303
2019-09-27,1748.0,1725.45,1749.12,1713.82,3948029,1748.0,1725.45,1749.12,1713.82,3948029,-14.39,-0.8271,"Sep 27, 19",0.148722
2019-09-30,1726.99,1735.91,1737.46,1709.22,2760768,1726.99,1735.91,1737.46,1709.22,2760768,10.46,0.6062,"Sep 30, 19",0.155686
2019-10-01,1746.0,1735.65,1755.6,1728.41,3170460,1746.0,1735.65,1755.6,1728.41,3170460,-0.26,-0.015,"Oct 1, 19",0.155513
2019-10-02,1727.74,1713.23,1728.89,1705.0,3338476,1727.74,1713.23,1728.89,1705.0,3338476,-22.42,-1.2917,"Oct 2, 19",0.140587
2019-10-03,1713.0,1724.42,1725.0,1685.06,3624371,1713.0,1724.42,1725.0,1685.06,3624371,11.19,0.6532,"Oct 3, 19",0.148037
2019-10-04,1726.02,1739.65,1740.57,1719.23,2489277,1726.02,1739.65,1740.57,1719.23,2489277,15.23,0.8832,"Oct 4, 19",0.158176
2019-10-07,1731.63,1732.66,1747.83,1723.7,2187598,1731.63,1732.66,1747.83,1723.7,2187598,-6.99,-0.4018,"Oct 7, 19",0.153522
2019-10-08,1722.49,1705.51,1727.0,1705.0,2626840,1722.49,1705.51,1727.0,1705.0,2626840,-27.15,-1.567,"Oct 8, 19",0.135447
2019-10-09,1719.61,1721.99,1729.95,1714.36,2089335,1719.61,1721.99,1729.95,1714.36,2089335,16.48,0.9663,"Oct 9, 19",0.146419
2019-10-10,1725.24,1720.26,1738.29,1713.75,2721531,1725.24,1720.26,1738.29,1713.75,2721531,-1.73,-0.1005,"Oct 10, 19",0.145267
2019-10-11,1742.92,1731.92,1745.45,1729.86,3279534,1742.92,1731.92,1745.45,1729.86,3279534,11.66,0.6778,"Oct 11, 19",0.15303
2019-10-14,1728.91,1736.43,1741.88,1722.0,1928898,1728.91,1736.43,1741.88,1722.0,1928898,4.51,0.2604,"Oct 14, 19",0.156032
2019-10-15,1742.14,1767.38,1776.45,1740.62,3129244,1742.14,1767.38,1776.45,1740.62,3129244,30.95,1.7824,"Oct 15, 19",0.176637
2019-10-16,1773.33,1777.43,1786.24,1770.52,2804068,1773.33,1777.43,1786.24,1770.52,2804068,10.05,0.5686,"Oct 16, 19",0.183328
2019-10-17,1796.49,1787.48,1798.85,1782.02,2713773,1796.49,1787.48,1798.85,1782.02,2713773,10.05,0.5654,"Oct 17, 19",0.190019
2019-10-18,1787.8,1757.51,1793.98,1749.2,3366091,1787.8,1757.51,1793.98,1749.2,3366091,-29.97,-1.6767,"Oct 18, 19",0.170066
2019-10-21,1769.66,1785.66,1785.88,1765.0,2224902,1769.66,1785.66,1785.88,1765.0,2224902,28.15,1.6017,"Oct 21, 19",0.188807
2019-10-22,1788.15,1765.73,1789.77,1762.0,2234425,1788.15,1765.73,1789.77,1762.0,2234425,-19.93,-1.1161,"Oct 22, 19",0.175539
2019-10-23,1761.3,1762.17,1770.05,1742.0,2190380,1761.3,1762.17,1770.05,1742.0,2190380,-3.56,-0.2016,"Oct 23, 19",0.173169
2019-10-24,1771.09,1780.78,1788.33,1760.27,5204350,1771.09,1780.78,1788.33,1760.27,5204350,18.61,1.0561,"Oct 24, 19",0.185558
2019-10-25,1697.55,1761.33,1764.21,1695.0,9626402,1697.55,1761.33,1764.21,1695.0,9626402,-19.45,-1.0922,"Oct 25, 19",0.17261
2019-10-28,1748.06,1777.08,1778.7,1742.5,3708851,1748.06,1777.08,1778.7,1742.5,3708851,15.75,0.8942,"Oct 28, 19",0.183095
2019-10-29,1774.81,1762.71,1777.0,1755.81,2276855,1774.81,1762.71,1777.0,1755.81,2276855,-14.37,-0.8086,"Oct 29, 19",0.173528
2019-10-30,1760.24,1779.99,1782.38,1759.11,2449405,1760.24,1779.99,1782.38,1759.11,2449405,17.28,0.9803,"Oct 30, 19",0.185033
2019-10-31,1775.99,1776.66,1792.0,1771.47,2781185,1775.99,1776.66,1792.0,1771.47,2781185,-3.33,-0.1871,"Oct 31, 19",0.182816
2019-11-01,1788.01,1791.44,1797.44,1785.21,2790354,1788.01,1791.44,1797.44,1785.21,2790354,14.78,0.8319,"Nov 1, 19",0.192655
2019-11-04,1801.01,1804.66,1815.06,1801.01,2771922,1801.01,1804.66,1815.06,1801.01,2771922,13.22,0.738,"Nov 4, 19",0.201457
2019-11-05,1809.16,1801.71,1810.25,1794.0,1885543,1809.16,1801.71,1810.25,1794.0,1885543,-2.95,-0.1635,"Nov 5, 19",0.199493
2019-11-06,1801.0,1795.77,1802.5,1788.58,2029783,1801.0,1795.77,1802.5,1788.58,2029783,-5.94,-0.3297,"Nov 6, 19",0.195538
2019-11-07,1803.76,1788.2,1805.9,1783.48,2651086,1803.76,1788.2,1805.9,1783.48,2651086,-7.57,-0.4215,"Nov 7, 19",0.190498
2019-11-08,1787.89,1785.88,1789.88,1774.04,2126198,1787.89,1785.88,1789.88,1774.04,2126198,-2.32,-0.1297,"Nov 8, 19",0.188954
2019-11-11,1778.0,1771.65,1780.0,1767.13,1947810,1778.0,1771.65,1780.0,1767.13,1947810,-14.23,-0.7968,"Nov 11, 19",0.17948
2019-11-12,1774.66,1778.0,1786.22,1771.91,2038925,1774.66,1778.0,1786.22,1771.91,2038925,6.35,0.3584,"Nov 12, 19",0.183708
2019-11-13,1773.39,1753.11,1775.0,1747.32,2926892,1773.39,1753.11,1775.0,1747.32,2926892,-24.89,-1.3999,"Nov 13, 19",0.167137
2019-11-14,1751.43,1754.6,1766.59,1749.56,2269417,1751.43,1754.6,1766.59,1749.56,2269417,1.49,0.085,"Nov 14, 19",0.168129
2019-11-15,1760.05,1739.49,1761.68,1732.86,3931141,1760.05,1739.49,1761.68,1732.86,3931141,-15.11,-0.8612,"Nov 15, 19",0.15807
2019-11-18,1738.3,1752.53,1753.7,1722.71,2841907,1738.3,1752.53,1753.7,1722.71,2841907,13.04,0.7496,"Nov 18, 19",0.166751
2019-11-19,1756.99,1752.79,1760.68,1743.03,2274535,1756.99,1752.79,1760.68,1743.03,2274535,0.26,0.0148,"Nov 19, 19",0.166924
2019-11-20,1749.14,1745.53,1762.52,1734.12,2793759,1749.14,1745.53,1762.52,1734.12,2793759,-7.26,-0.4142,"Nov 20, 19",0.162091
2019-11-21,1743.0,1734.71,1746.87,1730.36,2662938,1743.0,1734.71,1746.87,1730.36,2662938,-10.82,-0.6199,"Nov 21, 19",0.154887
2019-11-22,1739.02,1745.72,1746.43,1731.0,2479081,1739.02,1745.72,1746.43,1731.0,2479081,11.01,0.6347,"Nov 22, 19",0.162217
